{
    "loss": 0.7101640105247498,
    "accuracy": 0.6407557129859924
}